docid,groupcode,as,id,uid
665970,4894,0.25,6818,135460
640369,4894,0.0555555555555555,1402,133508
120257735,4894,0.037037037037037,4906,182397
