docid,groupcode,as,id,uid
120316038,1186,0.0526315789473684,4477,185677
120107880,1186,0.03125,8048,162055
121000849,1186,0.0434782608695652,6818,260162
120306789,1186,0.1428571428571428,2712,185375
120358640,1186,0.0666666666666666,4006,195992
120257735,1186,0.074074074074074,4906,182398
