docid,groupcode,as,id,uid
120349481,95612,0.0454545454545454,5047,186860
120971358,95612,0.0476190476190476,4223,258781
120999045,95612,0.0555555555555555,4223,260040
120447562,95612,0.0555555555555555,4550,209031
612364,95612,0.0285714285714285,6328,131004
