docid,groupcode,as,id,uid
612277,4870,0.0303030303030303,4955,130993
120078068,4870,0.032258064516129,5227,156487
120123388,4870,0.0416666666666666,3293,164447
120700904,4870,0.0434782608695652,3850,250347
120405493,4870,0.0434782608695652,4513,202531
120756737,4870,0.032258064516129,5036,252103
