docid,groupcode,as,id,uid
120730396,570,0.2,3293,251259
120356206,570,0.5,4223,189840
120682538,570,0.1666666666666666,6871,249946
120975960,570,0.0833333333333333,6697,259015
553308,570,0.04,4486,126964
120463432,570,0.125,4486,212020
120463435,570,0.1111111111111111,4486,212032
120834749,570,1.0,4459,253967
120509568,570,0.2,5036,217518
120463486,570,0.5,4449,212112
120516770,570,0.1666666666666666,4363,218090
120719668,570,0.037037037037037,7025,250847
