docid,groupcode,as,id,uid
120402650,1552,0.0333333333333333,4947,200681
120943600,1552,0.0454545454545454,4223,257737
