docid,groupcode,as,id,uid
120080301,96881,0.027027027027027,4223,156604
110356,96881,0.0344827586206896,1364,105054
